{
  "sales": null,
  "greensales": null,
  "livesimproved": {
    "sminus10gminus10": 1785053829.15792,
    "sminus10gminus15": 1766054619.2139,
    "sminus10gminus20": 1748626866.20515,
    "sminus10gminus5": 1805474599.11338,
    "sminus10g0": 1828751048.5996,
    "sminus10g10": 1880471701.33459,
    "sminus10g15": 1905268225.02546,
    "sminus10g20": 1929551177.44729,
    "sminus10g5": 1854991319.90749,
    "sminus15gminus10": 1772298470.37815,
    "sminus15gminus15": 1754273887.37346,
    "sminus15gminus20": 1737751707.69341,
    "sminus15gminus5": 1791646121.55397,
    "sminus15g0": 1813759546.52124,
    "sminus15g10": 1862899554.47855,
    "sminus15g15": 1886465203.70941,
    "sminus15g20": 1909573231.20643,
    "sminus15g5": 1838686005.51141,
    "sminus20gminus10": 1759475461.27269,
    "sminus20gminus15": 1742432985.04769,
    "sminus20gminus20": 1726822718.48835,
    "sminus20gminus5": 1777754628.36503,
    "sminus20g0": 1798663922.43892,
    "sminus20g10": 1845190654.84615,
    "sminus20g15": 1867512273.0512,
    "sminus20g20": 1889407253.92397,
    "sminus20g5": 1822260471.1833,
    "sminus5gminus10": 1797776996.35627,
    "sminus5gminus15": 1777769286.90949,
    "sminus5gminus20": 1759450986.75943,
    "sminus5gminus5": 1819214437.84409,
    "sminus5g0": 1843639235.29211,
    "sminus5g10": 1897911201.17338,
    "sminus5g15": 1923916761.40763,
    "sminus5g20": 1949357481.78314,
    "sminus5g5": 1871174798.96367,
    "s0gminus10": 1810427673.34324,
    "s0gminus15": 1789436632.85074,
    "s0gminus20": 1770218824.00026,
    "s0gminus5": 1832865157.42344,
    "s0g0": 1858422223.06759,
    "s0g10": 1915215052.25165,
    "s0g15": 1942380631.28644,
    "s0g20": 1969005927.14641,
    "s0g5": 1887238153.38879,
    "s10gminus10": 1835496768.17415,
    "s10gminus15": 1812635200.99104,
    "s10gminus20": 1791592836.93733,
    "s10gminus5": 1859900336.04515,
    "s10g0": 1887676870.42321,
    "s10g10": 1949380888.32336,
    "s10g15": 1978900804.06544,
    "s10g20": 2007806859.26884,
    "s10g5": 1919018181.95716,
    "s15gminus10": 1847917779.52367,
    "s15gminus15": 1824135328.70093,
    "s15gminus20": 1802229514.50311,
    "s15gminus5": 1873283601.80543,
    "s15g0": 1902154289.14724,
    "s15g10": 1966263885.93401,
    "s15g15": 1996943142.34651,
    "s15g20": 2026962529.65396,
    "s15g5": 1934729386.76168,
    "s20gminus10": 1860261713.21218,
    "s20gminus15": 1835568944.77631,
    "s20gminus20": 1812810617.59811,
    "s20gminus5": 1886578977.63708,
    "s20g0": 1916535793.6533,
    "s20g10": 1983031084.49497,
    "s20g15": 2014844603.31814,
    "s20g20": 2045962250.18347,
    "s20g5": 1950302150.69268,
    "s5gminus10": 1823000429.39148,
    "s5gminus15": 1801067961.98339,
    "s5gminus20": 1780928601.80315,
    "s5gminus5": 1846427557.13147,
    "s5g0": 1873101247.02986,
    "s5g10": 1932377394.22689,
    "s5g15": 1960712294.60468,
    "s5g20": 1988488975.79827,
    "s5g5": 1903187813.49715
  },
  "scenario": {
    "salesmin": -20,
    "salesmax": 20,
    "salesstep": 5,
    "greensalesmin": -20,
    "greensalesmax": 20,
    "greensalesstep": 5
  },
  "historicaldata": [
    {
      "snapshotid": "1",
      "name": "Q4 2012",
      "datestart": "2012-01-01",
      "dateend": "2012-12-31",
      "l": 1687064932.74875,
      "p": 6947233495.0,
      "g": 71228.656
    },
    {
      "snapshotid": "2013_q1",
      "name": "Q1 2013",
      "datestart": "2013-01-01",
      "dateend": "2013-03-31",
      "l": 1714721783.33028,
      "p": 6947233495.0,
      "g": 71228.656
    },
    {
      "snapshotid": "2013_q2",
      "name": "Q2 2013",
      "datestart": "2013-04-01",
      "dateend": "2013-06-30",
      "l": 1747187453.67277,
      "p": 6947233495.0,
      "g": 71228.656
    }
  ]
}